Date,Calories (kcal),Step count
11/5/16,368.4736485,2062
11/6/16,1873.402466,5874
11/7/16,1755.659184,2267
11/8/16,1617.132617,2003
11/9/16,1801.634222,4216
11/10/16,1731.41413,3259
11/11/16,1760.57848,3106
11/12/16,1656.242733,5758
11/13/16,1748.578923,5017
11/14/16,1773.876727,3415
11/15/16,1682.416361,2862
11/16/16,1739.602937,2165
11/17/16,1735.383325,2917
11/18/16,1757.027954,2852
11/19/16,1768.435913,2883
11/20/16,1640.677241,1214
11/21/16,1703.370625,2366
11/22/16,1783.685889,2197
11/23/16,1778.748844,3127
11/24/16,1802.213101,3106
11/25/16,1737.084528,1477
11/26/16,1740.174162,3138
11/27/16,1695.159751,493
11/28/16,1874.055853,5259
11/29/16,1772.658831,2979
11/30/16,1767.637677,2729
12/1/16,1715.51776,2031
12/2/16,1753.938874,3169
12/3/16,1774.774626,5544
12/4/16,1707.442304,943
12/5/16,1793.233674,3964
12/6/16,1780.576374,3320
12/7/16,1762.486024,2439
12/8/16,1795.502333,3443
12/9/16,1693.429196,3424
12/10/16,1628.35824,2848
12/11/16,1831.088113,6398
12/12/16,2044.450232,11196
12/13/16,1780.366577,5959
12/14/16,1828.208977,11124
12/15/16,1611.776968,6063
12/16/16,1827.674209,8596
12/17/16,1731.081214,6006
12/18/16,1685.009869,2821
12/19/16,1634.113937,1037
12/20/16,1633.406913,512
12/21/16,1672.194108,525
12/22/16,1739.571679,93
12/23/16,1734.903206,219
12/24/16,1676.895999,1435
12/25/16,1699.75047,564
12/26/16,1655.030433,1794
12/27/16,1695.683691,4835
12/28/16,1741.606444,4348
12/29/16,1703.217285,2479
12/30/16,1683.930214,1288
12/31/16,1676.222652,1335
1/1/17,1675.985955,940
1/2/17,1650.316833,1182
1/3/17,1675.659424,4785
1/4/17,1781.945258,4908
1/5/17,1980.817915,6961
1/6/17,1746.178813,3416
1/7/17,1734.927669,1045
1/8/17,1765.613262,1562
1/9/17,1827.109229,7617
1/10/17,1745.495838,3434
1/11/17,1647.754702,1698
1/12/17,1706.987509,3203
1/13/17,1771.058469,3136
1/14/17,1679.853912,2732
1/15/17,1659.716359,1048
1/16/17,1760.69228,2266
1/17/17,1825.099414,3594
1/18/17,1515.16155,3386
1/19/17,1699.221502,3318
1/20/17,1832.855393,5821
1/21/17,1667.545733,785
1/22/17,1795.629796,3592
1/23/17,1441.659023,4888
1/24/17,1688.402579,3563
1/25/17,1683.302714,3269
1/26/17,1766.478393,3582
1/27/17,1753.355086,3155
1/28/17,1633.162373,3020
1/29/17,1706.966548,946
1/30/17,1536.571989,5415
1/31/17,1506.087964,5030
2/1/17,1411.151741,3512
2/2/17,1822.115105,3983
2/3/17,1758.523221,2130
2/4/17,1751.932386,1680
2/5/17,1730.062622,963
2/6/17,1797.444234,4265
2/7/17,1834.212839,4491
2/8/17,1757.875961,3082
2/9/17,1743.95997,4773
2/10/17,1741.349864,3198
2/11/17,1833.242563,5500
2/12/17,1729.238428,2811
2/13/17,1394.168871,4380
2/14/17,1847.855395,4645
2/15/17,1784.769624,2920
2/16/17,1797.082414,2804
2/17/17,1822.797288,3557
2/18/17,1715.385733,4199
2/19/17,2117.671003,13513
2/20/17,1684.589558,4842
2/21/17,1833.523714,4425
2/22/17,1796.944245,3273
2/23/17,1793.004243,9014
2/24/17,1719.839159,1822
2/25/17,1785.760467,3731
2/26/17,1659.039702,1374
2/27/17,1617.765897,4188
2/28/17,1803.126389,4073
3/1/17,1799.986718,4102
3/2/17,1755.120431,1624
3/3/17,1729.247697,2552
3/4/17,1683.805633,4415
3/5/17,1742.481862,1555
3/6/17,1747.350077,4894
3/7/17,1828.701399,3431
3/8/17,1708.742969,2227
3/9/17,1807.962669,3812
3/10/17,1825.392429,5234
3/11/17,1711.627615,1490
3/12/17,1566.948532,1594
3/13/17,1772.519763,5768
3/14/17,1717.820352,4323
3/15/17,1800.211202,3499
3/16/17,1733.961807,2301
3/17/17,1755.124208,1327
3/18/17,1687.38604,1658
3/19/17,1789.537647,3288
3/20/17,1850.300851,5892
3/21/17,1826.104181,2728
3/22/17,1810.567946,4472
3/23/17,1824.965838,2686
3/24/17,1829.424629,5243
3/25/17,1696.832462,2434
3/26/17,1748.959931,3848
3/27/17,1756.376558,2368
3/28/17,1781.686972,2966
3/29/17,1867.450095,7185
3/30/17,1958.528137,7947
3/31/17,1770.142317,4372
4/1/17,1941.186694,6481
4/2/17,1783.997397,2828
4/3/17,1802.172712,6751
4/4/17,1936.607259,7305
4/5/17,1669.367936,2712
4/6/17,1984.895673,8359
4/7/17,1639.136389,5008
4/8/17,1714.367778,10326
4/9/17,1898.21742,9990
4/10/17,1823.302313,6544
4/11/17,1709.038817,6824
4/12/17,1597.413726,1091
4/13/17,1696.947347,3353
4/14/17,1774.180802,5945
4/15/17,1524.179629,5682
4/16/17,1380.255953,2091
4/17/17,1863.622227,8678
4/18/17,1723.006882,4294
4/19/17,1801.16416,3891
4/20/17,2201.894618,2296
4/21/17,1733.172818,5158
4/22/17,1848.098971,6128
4/23/17,2056.965079,13862
4/24/17,1814.330716,4783
4/25/17,1759.478636,3137
4/26/17,1684.134768,2713
4/27/17,1793.445856,3966
4/28/17,1702.688278,3510
4/29/17,1815.231961,8556
4/30/17,1562.564181,1377
5/1/17,1626.480981,4804
5/2/17,1958.492064,9163
5/3/17,1878.847462,5543
5/4/17,1727.267263,5203
5/5/17,1781.882835,4621
5/6/17,1580.112495,3985
5/7/17,1612.208268,2835
5/8/17,1698.220514,2658
5/9/17,1734.981955,5445
5/10/17,1783.749755,3032
5/11/17,1638.953223,4505
5/12/17,1655.949881,3136
5/13/17,1765.820472,4920
5/14/17,2078.296977,8694
5/15/17,1915.065438,6336
5/16/17,1689.353096,2450
5/17/17,1782.526329,2440
5/18/17,1619.031605,5967
5/19/17,1715.098908,2530
5/20/17,1692.847029,5746
5/21/17,1763.618045,2881
5/22/17,1861.898816,3213
5/23/17,1758.449494,2422
5/24/17,1743.458599,4320
5/25/17,1815.26079,5134
5/26/17,1775.696756,3082
5/27/17,1744.129182,9293
5/28/17,1654.983961,7753
5/29/17,1809.478939,5312
5/30/17,1767.407233,2059
5/31/17,1780.546414,4915
6/1/17,1790.77494,5091
6/2/17,1825.67429,5906
6/3/17,1653.484468,1783
6/4/17,1607.228505,1597
6/5/17,1743.108549,2152
6/6/17,1946.298155,8165
6/7/17,1917.266245,6470
6/8/17,1727.307265,4419
6/9/17,1719.572894,3914
6/10/17,1925.487192,7304
6/11/17,1707.176785,2855
6/12/17,1786.321823,2905
6/13/17,1750.302327,2773
6/14/17,1645.096446,5435
6/15/17,1645.706561,1118
6/16/17,1664.916458,3381
6/17/17,1638.866896,1506
6/18/17,1671.270598,2522
6/19/17,1620.758504,4268
6/20/17,1570.6702,2007
6/21/17,1630.381925,3275
6/22/17,1639.217268,1831
6/23/17,1682.177199,2978
6/24/17,1699.471262,565
6/25/17,1660.20616,5654
6/26/17,1881.073184,5099
6/27/17,1766.414461,3106
6/28/17,1762.227697,1632
6/29/17,1614.586967,1918
6/30/17,1699.750687,2811
7/1/17,1585.211136,1076
7/2/17,1778.326709,6541
7/3/17,1788.26761,3020
7/4/17,1922.91033,11447
7/5/17,1688.334295,2993
7/6/17,1668.486586,3075
7/7/17,2040.218552,11540
7/8/17,1708.61485,892
7/9/17,1727.001407,2324
7/10/17,1786.11945,2697
7/11/17,1712.228311,3414
7/12/17,1725.068792,3246
7/13/17,1756.281594,1009
7/14/17,1761.954784,2441
7/15/17,1735.82947,1899
7/16/17,2012.761364,12620
7/17/17,1806.298644,4346
7/18/17,1787.034428,4263
7/19/17,1767.96859,3370
7/20/17,1762.721198,3374
7/21/17,1664.534445,2091
7/22/17,1767.349011,2340
7/23/17,1563.081693,4682
7/24/17,1413.81127,1881
7/25/17,1565.188096,1913
7/26/17,1581.33442,2221
7/27/17,1690.503977,1467
7/28/17,1673.089129,1232
7/29/17,1466.105224,3753
7/30/17,1596.535492,1733
7/31/17,1633.404654,3368
8/1/17,1637.370882,3465
8/2/17,1690.036224,2238
8/3/17,1689.812435,6181
8/4/17,1634.633745,3514
8/5/17,1629.330692,1793
8/6/17,1571.56622,2817
8/7/17,1667.905331,5028
8/8/17,1687.940277,3492
8/9/17,1759.222594,4041
8/10/17,1710.439112,3456
8/11/17,1953.732254,7350
8/12/17,1654.523242,985
8/13/17,1789.965638,7306
8/14/17,1812.043621,3364
8/15/17,1736.036988,2199
8/16/17,1853.412397,5618
8/17/17,1675.705536,3499
8/18/17,1783.129212,4292
8/19/17,1606.937613,3301
8/20/17,1616.328941,1730
8/21/17,1747.23103,3074
8/22/17,1952.929673,6797
8/23/17,1742.646059,4414
8/24/17,1934.490108,3570
8/25/17,1772.34419,2859
8/26/17,1732.097276,2411
8/27/17,1755.726687,6171
8/28/17,1691.14966,2967
8/29/17,1728.27687,4025
8/30/17,1699.079337,3840
8/31/17,1714.7635,4194
9/1/17,1773.258939,5193
9/2/17,1767.736714,5567
9/3/17,1733.389314,5420
9/4/17,1740.203745,5795
9/5/17,1792.835355,3840
9/6/17,1873.881193,3105
9/7/17,2196.153017,6688
9/8/17,2174.71122,2715
9/9/17,2552.530334,8940
9/10/17,2441.4571,6961
9/11/17,2351.61323,3375
9/12/17,2330.564915,4264
9/13/17,2442.394664,4020
9/14/17,2222.181938,7400
9/15/17,2313.139627,5485
9/16/17,2553.987889,8963
9/17/17,1953.711083,1303
9/18/17,2116.495503,5145
9/19/17,2200.260127,6351
9/20/17,2033.482152,2845
9/21/17,2083.659324,3368
9/22/17,2145.090854,5576
9/23/17,1943.390007,6239
9/24/17,2084.781194,5224
9/25/17,2050.447364,3315
9/26/17,1961.393925,2362
9/27/17,2036.609902,3252
9/28/17,1986.651802,3023
9/29/17,2073.964991,4290
9/30/17,1928.406284,1645
10/1/17,1919.111015,1330
10/2/17,2030.522613,2908
10/3/17,2023.950107,2957
10/4/17,2062.904987,2907
10/5/17,2221.894716,4813
10/6/17,2126.614741,5651
10/7/17,2508.97124,13430
10/8/17,2080.17071,5170
10/9/17,2116.497856,4510
10/10/17,2095.654919,3529
10/11/17,2054.03693,3095
10/12/17,2147.801675,4267
10/13/17,1938.84883,2102
10/14/17,1871.169588,789
10/15/17,1973.427983,2851
10/16/17,1909.723575,1803
10/17/17,2046.274401,3556
10/18/17,1972.247721,2978
10/19/17,2067.443437,4341
10/20/17,2139.858674,5872
10/21/17,2093.124784,5427
10/22/17,1922.411824,1535
10/23/17,1969.667222,3259
10/24/17,1170.565885,3204
11/10/17,1036.344589,
11/11/17,1831.254395,
11/12/17,1831.254395,
11/13/17,1831.254395,
11/14/17,1831.254395,
11/15/17,1831.254395,
11/16/17,1831.254395,
11/17/17,2025.688154,4314
11/18/17,2046.52778,5906
11/19/17,1941.499028,2680
11/20/17,2087.792113,6132
11/21/17,2076.520995,5767
11/22/17,2102.428925,6463
11/23/17,1928.049279,3416
11/24/17,1938.372258,3483
11/25/17,2000.806552,5292
11/26/17,2047.884675,6137
11/27/17,2085.093172,5612
11/28/17,2075.964045,4495
11/29/17,2048.119863,5353
11/30/17,2094.832254,5765
12/1/17,2128.78086,6162
12/2/17,2052.343685,6120
12/3/17,1979.931975,6338
12/4/17,2051.447489,5843
12/5/17,2009.178889,4517
12/6/17,2138.285371,7239
12/7/17,2122.712233,6431
12/8/17,1908.837478,2406
12/9/17,2028.43013,5020
12/10/17,2082.85251,6374
12/11/17,2152.321931,7475
12/12/17,2116.478424,7165
12/13/17,1979.675296,5309
12/14/17,2013.359082,6286
12/15/17,2057.342149,6255
12/16/17,2016.660837,4737
12/17/17,1970.351548,4613
12/18/17,1892.688178,3995
12/19/17,1981.159628,4046
12/20/17,2086.400621,6732
12/21/17,1924.109477,4371
12/22/17,1932.311656,3806
12/23/17,1937.246859,3930
12/24/17,1996.884878,3730
12/25/17,1953.340881,4067
12/26/17,2159.350976,5062
12/27/17,1883.766392,3190
12/28/17,2111.776952,4766
12/29/17,1943.048805,3666
12/30/17,1913.265929,1687
12/31/17,1970.936091,2521
1/1/18,1981.194105,2377
1/2/18,2064.559431,3939
1/3/18,2117.511417,5418
1/4/18,2459.606131,11917
1/5/18,2471.710453,10380
1/6/18,2475.440684,9487
1/7/18,2449.036708,10035
1/8/18,2232.056175,6695
1/9/18,2115.501934,6136
1/10/18,2312.303797,8002
1/11/18,2364.771094,6301
1/12/18,2085.742862,5219
1/13/18,2087.812001,4662
1/14/18,2083.18141,4132
1/15/18,2046.574164,4151
1/16/18,2209.813179,6278
1/17/18,2212.784265,5503
1/18/18,2184.250523,6926
1/19/18,2149.555339,6480
1/20/18,2106.180081,5453
1/21/18,2095.375832,3935
1/22/18,2210.428474,6625
1/23/18,2177.958982,6008
1/24/18,2177.00826,5384
1/25/18,2171.881683,4693
1/26/18,2183.698527,6365
1/27/18,2202.440879,6741
1/28/18,1849.397949,5670
1/29/18,1849.397949,7521
1/30/18,1849.397949,5880
1/31/18,1849.397949,6242
2/1/18,1849.397949,6959
2/2/18,1849.397949,6087
2/3/18,1867.895795,5855
2/4/18,2074.69031,3539
2/5/18,2289.916238,6429
2/6/18,2274.425872,6047
2/7/18,2095.071639,4188
2/8/18,2051.340299,3586
2/9/18,2087.572209,4121
2/10/18,2061.813325,3715
2/11/18,1953.681646,3266
2/12/18,1995.660934,4550
2/13/18,2001.419383,4272
2/14/18,2122.021157,5465
2/15/18,2166.7708,7195
2/16/18,2066.219312,5180
2/17/18,2004.632628,3560
2/18/18,1911.114435,2567
2/19/18,2026.966263,4682
2/20/18,2053.204036,4037
2/21/18,2095.813297,6328
2/22/18,2530.370163,14233
2/23/18,2220.095955,8296
2/24/18,2499.026059,13855
2/25/18,2046.335396,4636
2/26/18,2097.106907,6084
2/27/18,2083.192662,5702
2/28/18,2115.313398,7418
3/1/18,2004.045657,4355
3/2/18,1921.303788,3080
3/3/18,2049.784429,4747
3/4/18,1936.312138,2948
3/5/18,2044.94598,4851
3/6/18,2029.48756,4452
3/7/18,2138.176554,6373
3/8/18,2218.372486,4936
3/9/18,2081.869249,3685
3/10/18,2136.030195,5816
3/11/18,2142.554955,4321
3/12/18,2484.476936,8730
3/13/18,2212.953486,5729
3/14/18,2351.472656,7728
3/15/18,2080.745677,4204
3/16/18,2039.554759,3091
3/17/18,2007.075748,4469
3/18/18,2325.216243,6297
3/19/18,2014.958633,3878
3/20/18,2213.260949,6208
3/21/18,2139.623772,4871
3/22/18,2228.666002,6648
3/23/18,2353.665913,7477
3/24/18,2040.030099,3269
3/25/18,2197.582889,4889
3/26/18,2143.566075,4617
3/27/18,2230.06155,6519
3/28/18,2042.76086,3552
3/29/18,2056.473396,4285
3/30/18,2267.991442,6331
3/31/18,2239.277925,5491
4/1/18,2037.463201,3214
4/2/18,2094.322124,4168
4/3/18,2162.581357,4949
4/4/18,2137.171127,4532
4/5/18,2272.500587,6577
4/6/18,2241.706564,5567
4/7/18,2018.133278,3168
4/8/18,2350.06237,8944
4/9/18,2396.497119,9228
4/10/18,2185.127132,4491
4/11/18,2204.666185,5509
4/12/18,2289.173406,5331
4/13/18,2097.98026,4709
4/14/18,1937.920778,1793
4/15/18,2029.041912,4358
4/16/18,2154.204774,4529
4/17/18,2294.831911,7669
4/18/18,2095.712303,3653
4/19/18,1972.790019,2061
4/20/18,2283.991856,7198
4/21/18,2149.347785,3944
4/22/18,2491.207474,9263
4/23/18,2234.439774,6152
4/24/18,1969.239861,3242
4/25/18,2076.610315,4455
4/26/18,2116.765697,4658
4/27/18,2057.016659,5006
4/28/18,2056.281197,4692
4/29/18,2255.651622,6971
4/30/18,2128.67448,5156
5/1/18,2123.463268,5581
5/2/18,2195.876117,6565
5/3/18,2273.15602,7743
5/4/18,2352.959419,8426
5/5/18,2328.146018,9287
5/6/18,2703.203431,13639
5/7/18,2093.564617,4803
5/8/18,2106.980834,5170
5/9/18,2129.276719,4981
5/10/18,2114.295259,4271
5/11/18,1966.261613,3402
5/12/18,2174.124947,5191
5/13/18,2460.716179,11611
5/14/18,2081.450997,4241
5/15/18,1976.04119,3594
5/16/18,2071.781451,4520
5/17/18,2161.993238,5749
5/18/18,1868.506732,1170
5/19/18,1954.626145,3727
5/20/18,2262.703355,6950
5/21/18,1996.482607,3603
5/22/18,2081.159823,8906
5/23/18,2017.468009,4432
5/24/18,2220.033162,7085
5/25/18,2136.856391,7313
5/26/18,2069.032664,5361
5/27/18,2358.601575,9505
5/28/18,2103.945612,5351
5/29/18,2086.59932,4262
5/30/18,2097.334678,4802
5/31/18,2244.774141,7018
6/1/18,2110.237684,4793
6/2/18,2108.06329,5062
6/3/18,1725.454343,9120
6/4/18,2736.755677,13636
6/5/18,2906.376761,19341
6/6/18,925.8771946,528
6/7/18,1707.260756,2652
6/8/18,1759.427416,4008
6/9/18,1945.880671,5468
6/10/18,1568.050009,8736
6/11/18,974.2322883,3067
6/12/18,2017.587886,7592
6/13/18,2288.561352,13737
6/14/18,1614.125821,8463
6/15/18,2175.864822,14213
6/16/18,1861.708587,12835
6/17/18,2139.373896,9416
6/18/18,2001.289667,6078
6/19/18,2029.775646,6962
6/20/18,1660.288783,4966
6/21/18,2054.029242,5324
6/22/18,1707.492442,2754
6/23/18,1796.783284,2987
6/24/18,1123.939998,1557
6/25/18,2067.429391,8232
6/26/18,1810.674693,4367
6/27/18,2058.902311,5371
6/28/18,2092.344877,4915
6/29/18,2123.830059,5042
6/30/18,1967.687695,3181
7/1/18,1906.754483,3744
7/2/18,1969.672116,3420
7/3/18,1737.374551,2030
7/4/18,1842.610456,5472
7/5/18,2117.674956,5291
7/6/18,1946.125913,3051
7/7/18,2259.586346,10936
7/8/18,2010.995669,6249
7/9/18,1952.153402,3939
7/10/18,2011.780538,5207
7/11/18,2047.660421,6052
7/12/18,1881.186209,4649
7/13/18,1800.123455,6338
7/14/18,1796.186374,4444
7/15/18,1504.602019,9634
7/16/18,1734.99337,5106
7/17/18,1335.486747,4848
7/18/18,1562.815356,5482
7/19/18,1374.162149,5894
7/20/18,1608.391583,4443
7/21/18,1428.280138,6397
7/22/18,1856.454567,11269
7/23/18,2018.651376,5448
7/24/18,2388.649691,13577
7/25/18,2046.077235,4998
7/26/18,2032.881137,4926
7/27/18,1961.341109,4031
7/28/18,2076.920175,10982
7/29/18,1601.917502,6540
7/30/18,1705.83716,6284
7/31/18,1491.295672,3481
8/1/18,1879.486758,3837
8/2/18,1795.719037,4961
8/3/18,2138.601787,9438
8/4/18,1755.497542,8247
8/5/18,2002.938761,17734
8/6/18,2024.870533,2705
8/7/18,2098.491536,5992
8/8/18,2099.448753,6296
8/9/18,2100.186172,8263
8/10/18,2009.467829,7632
8/11/18,1298.105009,2471
8/12/18,2024.534796,5722
8/13/18,1724.613431,2694
8/14/18,1811.640072,3437
8/15/18,1563.825786,5712
8/16/18,1920.063316,2800
8/17/18,1925.157109,3385
8/18/18,1536.783173,5164
8/19/18,2020.752917,4469
8/20/18,1941.071244,3708
8/21/18,2145.678326,6757
8/22/18,1806.922892,3163
8/23/18,2052.257383,5436
8/24/18,1893.22794,4018
8/25/18,2350.120291,9357
8/26/18,2186.718956,6718
8/27/18,2023.770458,4503
8/28/18,2086.757498,5407
8/29/18,2090.889754,4385
8/30/18,2255.249612,7761
8/31/18,2029.919201,4726
9/1/18,2096.376303,9489
9/2/18,2116.573701,7667
9/3/18,2327.310684,11481
9/4/18,1869.495057,5512
9/5/18,2011.618973,4610
9/6/18,2027.832703,4089
9/7/18,2005.615273,3552
9/8/18,2159.339256,9583
9/9/18,2122.387123,6701
9/10/18,1999.827221,3141
9/11/18,2215.950623,4487
9/12/18,1899.499172,4224
9/13/18,2175.616013,8676
9/14/18,1967.998681,3545
9/15/18,2288.217677,10706
9/16/18,1969.012502,3526
9/17/18,1883.410656,3122
9/18/18,2013.907386,3990
9/19/18,2033.863578,4020
9/20/18,2075.768341,4257
9/21/18,2098.76486,4675
9/22/18,2003.335317,7214
9/23/18,2110.506663,6339
9/24/18,1962.633581,4034
9/25/18,1967.252908,4946
9/26/18,1899.681677,5519
9/27/18,1904.783495,3037
9/28/18,2004.531992,4344
9/29/18,2024.796103,4626
9/30/18,1900.88017,2900
10/1/18,1836.725756,4058
10/2/18,1934.803402,4000
10/3/18,2164.883485,5639
10/4/18,2183.652138,5047
10/5/18,2287.112879,8152
10/6/18,1857.513624,2294
10/7/18,1977.169644,4269
10/8/18,1947.877567,3685
10/9/18,1928.024948,4840
10/10/18,1943.789896,4145
10/11/18,1997.146654,4579
10/12/18,2118.608548,5965
10/13/18,2054.615082,5486
10/14/18,1929.031577,2575
10/15/18,1859.003658,3816
10/16/18,2087.055158,5341
10/17/18,1961.684735,4282
10/18/18,1919.914088,4715
10/19/18,2008.77313,5081
10/20/18,2063.215379,6672
10/21/18,2088.924389,7153
10/22/18,1926.311294,4512
10/23/18,1934.310315,2302
10/24/18,2126.340763,6163
10/25/18,2133.077277,5247
10/26/18,2059.301744,6895
10/27/18,1912.997757,3911
10/28/18,2109.415392,5111
10/29/18,1979.511938,4526
10/30/18,1809.046569,3612
10/31/18,2322.995542,8210
11/1/18,2166.300316,5056
11/2/18,2574.011019,15476
11/3/18,2072.988925,6977
11/4/18,2140.360668,7716
11/5/18,2054.608407,4478
11/6/18,2092.482896,3669
11/7/18,2044.999224,4295
11/8/18,1973.227118,4125
11/9/18,2245.130439,6396
11/10/18,2038.45938,4852
11/11/18,1983.626603,5362
11/12/18,1944.860765,3913
11/13/18,1992.027559,3910
11/14/18,2246.194962,6060
11/15/18,1908.59117,4330
11/16/18,2067.226429,6697
11/17/18,2267.027681,5802
11/18/18,2208.893818,7362
11/19/18,1943.005256,4105
11/20/18,2036.484233,3837
11/21/18,2102.855855,4752
11/22/18,1886.453317,2093
11/23/18,1913.555305,1352
11/24/18,2094.737394,5002
11/25/18,2195.714435,5604
11/26/18,1895.649101,2990
11/27/18,2061.579141,6056
11/28/18,1898.658932,3141
11/29/18,2059.627411,3642
11/30/18,2190.927073,6785
12/1/18,2184.206466,5367
12/2/18,2242.304627,5384
12/3/18,1998.569136,5400
12/4/18,2124.549764,4842
12/5/18,2014.780409,3790
12/6/18,2111.427358,5139
12/7/18,1981.020783,4478
12/8/18,1887.824937,2537
12/9/18,2246.866992,5563
12/10/18,1967.285609,4541
12/11/18,1846.898635,2255
12/12/18,2056.619425,4874
12/13/18,2253.402954,9554
12/14/18,2148.261732,6731
12/15/18,2335.377522,12258
12/16/18,2121.266512,8706
12/17/18,2019.324914,5987
12/18/18,2038.468873,4351
12/19/18,2164.732819,6684
12/20/18,1920.856812,1943
12/21/18,1824.117383,2522
12/22/18,1876.994729,1672
12/23/18,2082.288291,4775
12/24/18,1936.002243,4386
12/25/18,1861.73097,2294
12/26/18,2023.606709,4641
12/27/18,1928.144317,1779
12/28/18,1908.003637,1967
12/29/18,1831.290877,2288
12/30/18,1980.802505,6024
12/31/18,1814.172117,1959
1/1/19,1778.737025,1362
1/2/19,1842.688826,2882
1/3/19,1973.211575,3134
1/4/19,1988.189769,6699
1/5/19,1835.44428,887
1/6/19,1930.494691,4594
1/7/19,2041.980931,5608
1/8/19,1998.475845,4727
1/9/19,1808.245288,3593
1/10/19,1934.173245,3593
1/11/19,1960.78327,3737
1/12/19,2007.687702,3516
1/13/19,1958.899408,3044
1/14/19,2020.184087,4004
1/15/19,2097.880578,5117
1/16/19,2017.352949,3626
1/17/19,1839.912609,2800
1/18/19,1929.497112,3449
1/19/19,2144.464204,5616
1/20/19,1940.824974,3019
1/21/19,2022.599978,1906
1/22/19,1887.404301,5091
1/23/19,1989.596511,5661
1/24/19,1948.706797,3530
1/25/19,1880.929881,3824
1/26/19,1813.500807,2327
1/27/19,1919.054394,2326
1/28/19,1913.968119,5534
1/29/19,1951.245468,5042
1/30/19,1657.969322,2289
1/31/19,1834.106076,3612
2/1/19,2008.298575,8917
2/2/19,2058.800938,5994
2/3/19,2005.816248,5621
2/4/19,2001.388441,7008
2/5/19,1892.254495,3158
2/6/19,1825.386695,3507
2/7/19,1886.910157,3586
2/8/19,2242.75413,5290
2/9/19,1833.200343,4219
2/10/19,1908.468419,2639
2/11/19,2130.141742,5611
2/12/19,2513.999768,5422
2/13/19,2056.767429,3966
2/14/19,1929.43976,3605
2/15/19,1946.270519,4146
2/16/19,2023.605476,5134
2/17/19,1861.360555,2145
2/18/19,1987.726918,6703
2/19/19,1869.489833,3350
2/20/19,1930.726501,4289
2/21/19,2046.226676,4070
2/22/19,1978.042065,4471
2/23/19,1855.439129,3753
2/24/19,2051.025317,4534
2/25/19,2119.183596,7370
2/26/19,2193.190491,6355
2/27/19,2041.040445,5406
2/28/19,2030.381716,4813
3/1/19,2263.662053,8132
3/2/19,2159.62036,7830
3/3/19,2162.095557,7103
3/4/19,2469.561254,5933
3/5/19,2034.142342,4280
3/6/19,2213.688076,8681
3/7/19,2177.026994,6538
3/8/19,2060.67599,4623
3/9/19,2156.97028,6381
3/10/19,1913.976004,3392
3/11/19,2235.503478,7021
3/12/19,2179.535212,6051
3/13/19,2144.716557,5792
3/14/19,2038.600832,6329
3/15/19,2112.337348,4781
3/16/19,2143.332468,5038
3/17/19,2249.674158,5338
3/18/19,2087.282526,3831
3/19/19,2032.036863,4942
3/20/19,2082.407177,4994
3/21/19,2166.534923,5297
3/22/19,2344.933578,8278
3/23/19,2059.319456,5323
3/24/19,2132.414091,8171
3/25/19,1860.916085,1060
3/26/19,2189.220992,6692
3/27/19,2142.206851,6478
3/28/19,2213.710037,6958
3/29/19,2110.449784,5497
3/30/19,2212.471412,6607
3/31/19,2012.370496,3846
4/1/19,1970.672705,3528
4/2/19,2104.065832,4411
4/3/19,2143.470357,5298
4/4/19,2201.88636,6796
4/5/19,2197.164466,5396
4/6/19,2063.982627,4604
4/7/19,2142.306998,6755
4/8/19,2140.523651,5886
4/9/19,2038.962727,6799
4/10/19,2064.009601,5171
4/11/19,2066.864898,3678
4/12/19,2012.381226,3713
4/13/19,2042.494523,4892
4/14/19,2247.833862,7459
4/15/19,2133.171857,6800
4/16/19,2110.716334,6666
4/17/19,2199.245963,5518
4/18/19,2151.412209,5501
4/19/19,2170.528823,6897
4/20/19,2350.054144,8364
4/21/19,2334.812511,6736
4/22/19,2159.471198,4446
4/23/19,2090.428182,5266
4/24/19,2121.730905,4836
4/25/19,2102.711511,5707
4/26/19,2110.584003,6020
4/27/19,2247.748441,5905
4/28/19,2241.960083,7191
4/29/19,2085.971794,4712
4/30/19,2276.080526,9699
5/1/19,2071.33936,5862
5/2/19,2075.545979,4686
5/3/19,2194.017994,6809
5/4/19,2148.716543,6779
5/5/19,2091.240421,3709
5/6/19,2215.961124,6170
5/7/19,2139.133756,6655
5/8/19,2237.16465,5801
5/9/19,2027.416847,4074
5/10/19,2063.040812,5373
5/11/19,2037.411765,3142
5/12/19,2273.010725,6445
5/13/19,2492.595067,9517
5/14/19,2324.476094,6826
5/15/19,2105.191984,4590
5/16/19,2130.806282,5974
5/17/19,2182.822505,6037
5/18/19,2388.580307,8488
5/19/19,2105.222502,4100
5/20/19,2063.462024,4266
5/21/19,1974.376252,1717
5/22/19,1990.839767,2698
5/23/19,2098.102271,5816
5/24/19,2164.299485,6789
5/25/19,2236.746501,7445
5/26/19,1906.502467,1975
5/27/19,1950.7094,2369
5/28/19,2234.686367,5739
5/29/19,2157.769968,5378
5/30/19,2192.541922,4446
5/31/19,2278.850803,8362
6/1/19,2256.261323,6039
6/2/19,2098.706996,2596
6/3/19,2087.229363,4435
6/4/19,2232.556145,7272
6/5/19,2116.036645,7717
6/6/19,2131.414375,7479
6/7/19,2238.571488,8828
6/8/19,1959.264154,2727
6/9/19,2403.622632,10720
6/10/19,2196.109277,7869
6/11/19,2012.400574,4097
6/12/19,2605.235878,14674
6/13/19,2537.281095,11525
6/14/19,2946.935507,20651
6/15/19,2578.662494,13929
6/16/19,2049.371674,2749
6/17/19,2202.142035,5881
6/18/19,1980.314735,6378
6/20/19,505.9512605,
6/21/19,1836.947443,
6/22/19,1911.689094,1399
6/23/19,2556.739921,12634
6/24/19,2097.618088,4729
6/25/19,1985.429441,4365
6/26/19,2069.314564,5192
6/27/19,2028.327726,4387
6/28/19,2247.619784,9304
6/29/19,2211.553865,8352
6/30/19,2208.244528,7685
7/1/19,2097.54645,5080
7/2/19,2129.535881,5880
7/3/19,2210.068911,6966
7/4/19,2418.130175,11683
7/5/19,2106.604524,5981
7/6/19,2047.346297,6590
7/7/19,2351.981977,8376
7/8/19,2028.962244,4800
7/9/19,2034.099753,6129
7/10/19,2186.876308,6699
7/11/19,2111.521682,6332
7/12/19,1993.872843,4108
7/13/19,2185.544584,7517
7/14/19,2335.603268,10667
7/15/19,2002.562492,4529
7/16/19,2249.361368,7937
7/17/19,1959.836757,3686
7/18/19,1989.982229,3981
7/19/19,2162.311611,5102
7/20/19,2075.049555,5732
7/21/19,2115.467685,6471
7/22/19,2101.020505,5244
7/23/19,1933.374652,3043
7/24/19,1935.086064,3314
7/25/19,2227.486599,9130
7/26/19,2008.134639,4930
7/27/19,2018.981414,4111
7/28/19,2037.425987,4329
7/29/19,2368.877857,10687
7/30/19,2054.059983,3826
7/31/19,2119.982238,3441
8/1/19,2047.232398,4759
8/2/19,2123.08996,5511
8/3/19,2279.532101,8037
8/4/19,2316.422128,9092
8/5/19,2464.572841,11824
8/6/19,2107.391945,6030
8/7/19,2260.402711,9095
8/8/19,2441.708411,12259
8/9/19,2090.443261,5885
8/10/19,2103.875115,4171
8/11/19,2173.412215,6518
8/12/19,2025.731064,4771
8/13/19,2066.648772,6489
8/14/19,2123.140109,7453
8/15/19,2376.542866,11722
8/16/19,1890.866013,1974
8/17/19,2063.144819,5246
8/18/19,2088.363252,5491
8/19/19,1901.954555,3014
8/20/19,2030.09415,5163
8/21/19,2133.726535,5974
8/22/19,2245.778273,9171
8/23/19,1879.881803,2994
8/24/19,1949.353842,3741
8/25/19,1937.447395,3292
8/26/19,2038.055293,5885
8/27/19,2539.353794,15107
8/28/19,2450.005795,13155
8/29/19,2020.758518,4165
8/30/19,1975.137268,4109
8/31/19,2340.778421,10186
9/1/19,1988.075205,4505
9/2/19,2439.308488,12300
9/3/19,2089.382773,6481
9/4/19,2391.67531,12494
9/5/19,2416.029829,13357
9/6/19,2254.917831,8054
9/7/19,2348.875213,10536
9/8/19,2642.271319,15854
9/9/19,2001.844152,4643
9/10/19,2069.50122,6825
9/11/19,2137.959026,7675
9/12/19,2396.735521,12631
9/13/19,2122.662784,6351
9/14/19,2026.971927,4168
9/15/19,2166.526888,8315
9/16/19,1995.252376,4626
9/17/19,2087.704759,5710
9/18/19,2122.298214,7641
9/19/19,2004.977735,4536
9/20/19,2126.683414,6926
9/21/19,2591.447287,13692
9/22/19,2483.982876,12097
9/23/19,2031.362907,4728
9/24/19,2109.678263,7880
9/25/19,2015.227462,4316
9/26/19,2034.509298,5260
9/27/19,1982.415069,4857
9/28/19,2563.615056,15576
9/29/19,2496.224851,14170
9/30/19,2219.888252,9344
10/1/19,2128.239143,7742
10/2/19,2369.077135,13728
10/3/19,2764.146731,20857
10/4/19,2010.417406,5738
10/5/19,2224.950993,12095
10/6/19,1965.548553,4343
10/7/19,2131.136218,8273
10/8/19,2076.841521,6661
10/9/19,2013.549616,5895
10/10/19,1970.860245,4438
10/11/19,2186.330529,8744
10/12/19,2088.791279,7258
10/13/19,2132.27368,7696
10/14/19,2243.139057,10332
10/15/19,2147.925986,8906
10/16/19,2086.269181,7081
10/17/19,2161.214853,8491
10/18/19,2066.832935,6432
10/19/19,2051.264535,7235
10/20/19,2178.556941,8067
10/21/19,1945.943767,3656
10/22/19,2113.544092,8030
10/23/19,2030.364961,6044
10/24/19,2137.851471,9126
10/25/19,2055.853803,7334
10/26/19,2366.374178,14322
10/27/19,2015.358606,5063
10/28/19,2109.291993,7575
10/29/19,2128.803076,8541
10/30/19,1928.131328,3578
10/31/19,2290.44114,12195
11/1/19,1941.577386,4388
11/2/19,2352.757564,12964
11/3/19,2399.426928,12365
11/4/19,2004.811414,5636
11/5/19,2010.009872,5879
11/6/19,2228.864025,10028
11/7/19,1971.312294,4520
11/8/19,1982.058424,4603
11/9/19,2174.632252,9905
11/10/19,2259.467847,9717
11/11/19,2114.779315,7865
11/12/19,2021.007614,5490
11/13/19,2137.974192,7809
11/14/19,1916.706471,3737
11/15/19,1979.050656,5373
11/16/19,2174.768538,9792
11/17/19,2300.52779,10387
11/18/19,2007.337122,4838
11/19/19,2043.609731,5758
11/20/19,1937.375099,3824
11/21/19,1950.472702,4014
11/22/19,2011.59403,5330
11/23/19,2338.203772,12658
11/24/19,2166.838388,7918
11/25/19,2066.693415,6971
11/26/19,2095.774706,8203
11/27/19,2033.286713,6081
11/28/19,2110.645247,8358
11/29/19,2259.880103,11115
11/30/19,2128.352339,8816
12/1/19,1981.266432,5460
12/2/19,2049.726122,6579
12/3/19,2004.002327,4728
12/4/19,1941.524964,5011
12/5/19,2069.781998,7396
12/6/19,2088.19845,7140
12/7/19,1962.873115,6434
12/8/19,1860.260101,5205
12/9/19,2088.095047,6834
12/10/19,1944.996426,4370
12/11/19,1957.039982,4742
12/12/19,1948.543963,4348
12/13/19,2009.916128,5826
12/14/19,2195.416553,9639
12/15/19,2068.735633,7317
12/16/19,2085.168562,8168
12/17/19,2320.647477,14348
12/18/19,2096.820804,7169
12/19/19,2381.311981,14824
12/20/19,2061.092656,6687
12/21/19,2211.726079,10532
12/22/19,1910.311505,3585
12/23/19,2164.947933,8608
12/24/19,1820.349821,2361
12/25/19,1838.425777,2375
12/26/19,1818.743202,6613
12/27/19,1911.752488,3662
12/28/19,1837.742595,2928
12/29/19,1901.129767,4390
12/30/19,1981.283511,5824
12/31/19,2049.939097,7332
1/1/20,1900.047213,3698
1/2/20,2050.209386,6076
1/3/20,1991.029627,4263
1/4/20,1992.522678,4377
1/5/20,2031.609542,7642
1/6/20,2011.169126,5557
1/7/20,2034.291749,5735
1/8/20,2236.8052,10029
1/9/20,2243.525585,11415
1/10/20,2112.168814,7251
1/11/20,2165.822957,7780
1/12/20,1946.186967,3921
1/13/20,2192.586696,8849
1/14/20,2080.729222,7966
1/15/20,2090.673296,7715
1/16/20,2094.931406,6920
1/17/20,2122.149,6602
1/18/20,2062.287222,7237
1/19/20,1818.926598,1439
1/20/20,2167.332241,9143
1/21/20,2125.08862,8439
1/22/20,2084.880005,6725
1/23/20,2189.503109,10474
1/24/20,2043.839123,6619
1/25/20,1963.184651,4596
1/26/20,2085.844943,6266
1/27/20,2163.210271,8976
1/28/20,2083.44366,7340
1/29/20,2142.632747,9181
1/30/20,2100.07784,7773
1/31/20,1988.402284,5780
2/1/20,1996.924858,6027
2/2/20,1941.936317,3670
2/3/20,2132.647511,7706
2/4/20,2084.620219,8229
2/5/20,2003.769291,5251
2/6/20,1458.691889,11329
5/6/20,1809.75,
5/7/20,1838.283061,833
5/8/20,1838.214246,1318
5/9/20,1879.894663,2475
5/10/20,1910.916648,3010
5/11/20,1985.119155,4155
5/12/20,1828.528979,830
5/13/20,1887.235451,3214
5/14/20,1819.637128,523
5/15/20,1814.355148,839
5/16/20,1991.8108,5905
5/17/20,1922.732772,3432
5/18/20,1814.204187,706
5/19/20,1816.469284,804
5/20/20,1916.245201,3336
5/21/20,1814.570352,478
5/22/20,1826.666532,694
5/23/20,1932.815556,2539
5/24/20,1845.019446,1224
5/25/20,1822.733187,790
5/26/20,1910.078909,3584
5/27/20,2113.44716,7339
5/28/20,2086.795907,6876
5/29/20,1835.581732,666
5/30/20,1981.269725,4469
5/31/20,1828.856148,778
6/1/20,1842.565821,608
6/2/20,2088.753334,7127
6/3/20,1981.03639,4431
6/4/20,2043.137527,5686
6/5/20,1821.847262,408
6/6/20,2031.555433,5297
6/7/20,1852.154473,1144
6/8/20,1823.273032,599
6/9/20,1845.459344,1734
6/10/20,1842.141731,1641
6/11/20,2114.054741,7377
6/12/20,2005.599535,5110
6/13/20,1926.457168,3605
6/14/20,2199.043598,11924
6/15/20,1818.522449,522
6/16/20,1989.117212,4604
6/17/20,1970.31567,4144
6/18/20,2013.172713,5190
6/19/20,2031.858586,6335
6/20/20,2069.926793,6761
6/21/20,1835.66861,1442
6/22/20,2091.657476,9999
6/23/20,1834.566199,852
6/24/20,1961.34328,4264
6/25/20,2046.626876,5457
6/26/20,1815.237655,906
6/27/20,1877.558796,2071
6/28/20,1996.066062,3336
6/29/20,1852.050166,931
6/30/20,1848.755901,706
7/1/20,2038.655396,4321
7/2/20,2098.055578,6247
7/3/20,1902.841995,2145
7/4/20,1975.794486,3907
7/5/20,2091.453606,10805
7/6/20,2063.550221,9558
7/7/20,2385.937532,10317
7/8/20,1985.487987,5322
7/9/20,1878.596283,3669
7/10/20,1872.47689,1680
7/11/20,2007.268221,4204
7/12/20,2018.237713,4698
7/13/20,2048.059889,5158
7/14/20,1832.615201,614
7/15/20,2305.056502,10790
7/16/20,2282.319493,10702
7/17/20,1980.752057,3514
7/18/20,2035.283707,5084
7/19/20,2114.544425,5886
7/20/20,1910.224445,2163
7/21/20,1899.074634,2734
7/22/20,1973.919999,3217
7/23/20,2123.034618,8480
7/24/20,2209.378578,9657
7/25/20,1996.706423,5093
7/26/20,2034.768854,4803
7/27/20,1925.507768,2774
7/28/20,2014.171939,4819
7/29/20,1971.76056,4046
7/30/20,2158.574835,6904
7/31/20,2086.721493,6180
8/1/20,1951.53885,2242
8/2/20,1936.104532,3688
8/3/20,1855.076582,813
8/4/20,1851.737371,1227
8/5/20,1864.19401,1759
8/6/20,1882.465797,1666
8/7/20,1858.783379,1202
8/8/20,1841.763554,1461
8/9/20,1854.828136,1810
8/10/20,1847.399078,973
8/11/20,1852.687522,971
8/12/20,1822.369558,968
8/13/20,1914.432344,2632
8/14/20,1853.702094,1859
8/15/20,1997.719201,5932
8/16/20,1900.550659,4417
8/17/20,1873.011945,1571
8/18/20,1849.483366,1488
8/19/20,1862.357621,1263
8/20/20,1922.814484,2851
8/21/20,1895.808096,2054
8/22/20,1864.713936,1386
8/23/20,1887.560501,1846
8/24/20,1912.538648,2538
8/25/20,1878.362194,1235
8/26/20,1873.071379,1427
8/27/20,1877.995478,1166
8/28/20,1948.046675,4247
8/29/20,1953.899297,4757
8/30/20,1906.389944,2049
8/31/20,1850.890487,1009
9/1/20,1846.222946,1263
9/2/20,1860.268228,1350
9/3/20,1855.68442,1207
9/4/20,1864.92226,1982
9/5/20,1955.779151,6443
9/6/20,2262.036543,9327
9/7/20,1846.22291,596
9/8/20,1855.800421,841
9/9/20,1853.543344,888
9/10/20,1916.450568,2746
9/11/20,1889.557291,2568
9/12/20,1919.859354,4347
9/13/20,1927.943857,2619
9/14/20,1860.172723,1109
9/15/20,1976.416948,2310
9/16/20,1892.537708,3703
9/17/20,1958.669545,3820
9/18/20,1875.810002,1894
9/19/20,1879.504791,2875
9/20/20,1925.608019,3080
9/21/20,1855.860392,919
9/22/20,1880.794226,1861
9/23/20,1899.34556,2740
9/24/20,1933.784699,3865
9/25/20,2239.353637,2891
9/26/20,2692.804291,2776
9/27/20,2791.877934,5712
9/28/20,2796.532632,2066
9/29/20,2102.306544,1370
9/30/20,2515.487812,1278
10/1/20,2239.210892,1681
10/2/20,2218.557729,1094
10/3/20,2313.893901,1629
10/4/20,2453.078759,1372
10/5/20,2071.676775,532
10/6/20,2549.428277,3865
10/7/20,2047.882974,1051
10/8/20,2329.839809,1233
10/9/20,2402.880562,2274
10/10/20,2808.068757,4693
10/11/20,2379.459824,2160
10/12/20,2312.269859,1170
10/13/20,2084.52704,1049
10/14/20,1923.822815,561
10/15/20,2082.96876,703
10/16/20,2403.737117,953
10/17/20,3223.22103,7092
10/18/20,2623.133457,2688
10/19/20,2351.247525,1268
10/20/20,2084.840741,617
10/21/20,2272.480769,2325
10/22/20,2026.723588,736
10/23/20,2162.661573,1314
10/24/20,2695.726046,4028
10/25/20,2668.196112,1864
10/26/20,2543.47078,2419
10/27/20,1977.962194,951
10/28/20,2102.410726,2195
10/29/20,2214.655692,1131
10/30/20,2498.659575,4499
10/31/20,2502.333222,5588
11/1/20,2629.354874,1268
11/2/20,1973.227583,885
11/3/20,3034.925987,5581
11/4/20,2539.362255,1238
11/5/20,2602.46841,1230
11/6/20,2436.817895,1937
11/7/20,2802.297441,7122
11/8/20,2538.431743,3311
11/9/20,2370.423222,2667
11/10/20,2649.597837,2957
11/11/20,2115.285097,963
11/12/20,2614.469247,1655
11/13/20,2603.708387,2547
11/14/20,2253.38101,746
11/15/20,2203.101307,970
11/16/20,2447.810938,1801
11/17/20,2152.604744,761
11/18/20,2318.955401,1613
11/19/20,2639.81511,906
11/20/20,2314.715406,1124
11/21/20,3059.945247,3776
11/22/20,2837.897955,3949
11/23/20,2243.13283,1238
11/24/20,2504.059405,1042
11/25/20,2142.434291,1016
11/26/20,2272.038114,702
11/27/20,2555.74082,1096
11/28/20,2620.6102,5914
11/29/20,2438.566216,1917
11/30/20,2491.898403,1331
12/1/20,2717.532726,8095
12/2/20,2030.087182,655
12/3/20,2280.576532,1279
12/4/20,2359.743783,1590
12/5/20,2435.27659,3017
12/6/20,2323.397005,1962
12/7/20,2068.043045,1285
12/8/20,1983.700016,819
12/9/20,2018.497981,1386
12/10/20,2128.359304,1350
12/11/20,2426.490874,2554
12/12/20,2339.307498,3199
12/13/20,2150.913405,1041
12/14/20,2251.326976,1986
12/15/20,2276.359308,2847
12/16/20,2249.314817,1929
12/17/20,2230.231031,1881
12/18/20,1945.646412,1226
12/19/20,2205.886452,2158
12/20/20,2604.914784,3465
12/21/20,2114.220478,1228
12/22/20,2352.99396,1950
12/23/20,1988.582923,1000
12/24/20,2225.107314,1747
12/25/20,2104.206598,954
12/26/20,2396.941314,1792
12/27/20,1984.098028,1530
12/28/20,2025.333415,944
12/29/20,2472.370691,2472
12/30/20,2264.829476,1783
12/31/20,2498.041482,2650
1/1/21,2397.974337,4237
1/2/21,2341.664528,2982
1/3/21,2461.567274,2868
1/4/21,2429.459236,2580
1/5/21,2538.994198,5542
1/6/21,2477.729444,4675
1/7/21,2049.861026,1184
1/8/21,2294.846143,1474
1/9/21,2407.488862,8505
1/10/21,2123.582134,4496
1/11/21,2338.147766,2298
1/12/21,2409.358792,1402
1/13/21,2009.027542,1876
1/14/21,2534.121022,4127
1/15/21,2608.42926,2518
1/16/21,2444.293099,1399
1/17/21,2084.838807,380
1/18/21,2553.462821,3212
1/19/21,2044.091616,1845
1/20/21,2312.131817,1594
1/21/21,2020.863544,733
1/22/21,2092.639788,1159
1/23/21,2250.922445,1059
1/24/21,2611.710846,2992
1/25/21,1988.740983,1370
1/26/21,2531.78981,2974
1/27/21,2137.66663,1085
1/28/21,2318.069488,1587
1/29/21,2663.968475,5524
1/30/21,2560.003661,8668
1/31/21,2262.637714,2255
2/1/21,2241.110773,2349
2/2/21,2259.605907,1434
2/3/21,2138.297039,2346
2/4/21,2246.437414,1236
2/5/21,2115.795579,1826
2/6/21,2035.973394,1235
2/7/21,2686.301677,2816
2/8/21,2190.178291,1921
2/9/21,2431.403189,1978
2/10/21,2247.913991,2145
2/11/21,2306.031867,3117
2/12/21,1976.803846,998
2/13/21,2100.81958,1396
2/14/21,2228.210007,2434
2/15/21,2044.940343,1405
2/16/21,2196.448341,1362
2/17/21,2205.162866,3514
2/18/21,2287.589436,1966
2/19/21,2085.519816,1699
2/20/21,2060.365804,834
2/21/21,2357.900287,2563
2/22/21,2579.707153,2232
2/23/21,2337.025696,1905
2/24/21,2402.293233,6072
2/25/21,2144.324037,1088
2/26/21,2055.128529,803
2/27/21,1960.078821,365
2/28/21,2362.745799,1248
3/1/21,2248.993295,924
3/2/21,2232.778605,920
3/3/21,2456.611435,1068
3/4/21,2204.924504,927
3/5/21,2203.792345,839
3/6/21,2653.749408,4266
3/7/21,2377.752031,3428
3/8/21,2122.406487,1047
3/9/21,2221.068196,2068
3/10/21,2093.643919,735
3/11/21,2233.238149,1295
3/12/21,1981.386264,432
3/13/21,2753.341683,6241
3/14/21,2325.073185,3679
3/15/21,2024.855006,758
3/16/21,1930.204997,590
3/17/21,2093.164644,1138
3/18/21,1994.614785,1023
3/19/21,2059.712716,1043
3/20/21,2555.228168,2700
3/21/21,2603.472176,6165
3/22/21,2256.213372,1450
3/23/21,2205.264842,1489
3/24/21,2180.839809,1664
3/25/21,2090.468405,1281
3/26/21,2015.218908,1528
3/27/21,2832.504086,4420
3/28/21,2693.010405,5606
3/29/21,2325.364515,2160
3/30/21,2202.532878,1430
3/31/21,2159.374514,1356
4/1/21,2488.894605,3094
4/2/21,2167.966951,2353
4/3/21,2734.411729,7184
4/4/21,2909.747035,5841
4/5/21,2730.187934,6343
4/6/21,2941.716748,10478
4/7/21,2662.360947,5845
4/8/21,2454.822,7316
4/9/21,2879.761186,5941
4/10/21,2850.348355,9475
4/11/21,2505.66299,5057
4/12/21,2592.679415,1359
4/13/21,2465.825624,2370
4/14/21,2447.073263,3050
4/15/21,2308.032162,2017
4/16/21,2476.486766,1881
4/17/21,2002.216074,356
4/18/21,2360.086547,2480
4/19/21,2027.728094,923
4/20/21,2209.07094,1015
4/21/21,2355.608784,2346
4/22/21,2074.325047,781
4/23/21,2152.005981,1919
4/24/21,2236.538608,1186
4/25/21,2330.72359,1784
4/26/21,1866.369981,550
4/27/21,1996.162274,551
4/28/21,2230.190255,665
4/29/21,1907.844283,614
4/30/21,2048.120571,1029
5/1/21,2102.842627,812
5/2/21,2124.938905,2704
5/3/21,2009.772451,658
5/4/21,2110.854997,1947
5/5/21,2316.538288,1464
5/6/21,1969.286963,1042
5/7/21,2287.962374,1666
5/8/21,2602.876939,3089
5/9/21,2886.631453,9207
5/10/21,2153.4701,1409
5/11/21,2304.483735,2375
5/12/21,2529.105422,3077
5/13/21,2157.476236,1824
5/14/21,2279.160652,3368
5/15/21,2880.264987,5884
5/16/21,2993.416528,8906
5/17/21,2317.964812,3943
5/18/21,2379.065211,2185
5/19/21,2168.156759,1972
5/20/21,2142.963461,2298
5/21/21,2192.998733,3692
5/22/21,2215.832383,5964
5/23/21,1972.602292,1072
5/24/21,1974.791988,198
5/25/21,2502.009711,9765
5/26/21,2295.858378,3085
5/27/21,2344.640114,6051
5/28/21,2575.162977,3811
5/29/21,2862.018045,5857
5/30/21,2672.310268,3597
5/31/21,2798.323516,6093
6/1/21,2564.315797,6939
6/2/21,2459.062195,3300
6/3/21,2388.203276,2675
6/4/21,2337.068892,2955
6/5/21,2134.215564,1642
6/6/21,2609.506107,4659
6/7/21,2647.852292,10862
6/8/21,2224.151216,3413
6/9/21,2280.350101,2775
6/10/21,2374.453482,4157
6/11/21,2551.313716,5653
6/12/21,3009.564712,8231
6/13/21,2708.421649,5307
6/14/21,2507.753773,4994
6/15/21,3070.791464,8471
6/16/21,2212.797226,3724
6/17/21,2655.768912,2355
6/18/21,2934.709668,4353
6/19/21,2495.107006,6122
6/20/21,2456.767469,8041
6/21/21,2547.412154,3823
6/22/21,2481.798819,6935
6/23/21,2620.752991,3747
6/24/21,2402.372039,3090
6/25/21,2586.578529,4722
6/26/21,2931.633267,12695
6/27/21,2541.557945,7137
6/28/21,2320.935475,1281
6/29/21,2477.412795,2330
6/30/21,2209.035821,351
7/1/21,2304.040043,1764
7/2/21,2756.881003,3424
7/3/21,2456.277413,3662
7/4/21,2913.737264,7044
7/5/21,3151.30648,12115
7/6/21,2668.407911,6202
7/7/21,2170.466959,2269
7/8/21,2492.424346,1935
7/9/21,2695.924965,8134
7/10/21,2461.173948,4441
7/11/21,2454.836545,5416
7/12/21,2548.511802,5175
7/13/21,2839.01849,8162
7/14/21,2611.004845,3714
7/15/21,2667.513455,5061
7/16/21,2247.751485,4606
7/17/21,2957.74049,5584
7/18/21,2966.109154,3935
7/19/21,2291.551034,3441
7/20/21,2311.214896,3285
7/21/21,2444.694072,3554
7/22/21,2743.785581,9439
7/23/21,2680.154356,4568
7/24/21,2736.181926,5705
7/25/21,2409.166629,2311
7/26/21,2323.025123,2664
7/27/21,2893.819702,4897
7/28/21,2590.957078,4682
7/29/21,2629.963593,8529
7/30/21,2600.121509,2224
7/31/21,2933.557521,11645
8/1/21,2583.781805,2616
8/2/21,2684.554194,4057
8/3/21,2600.007954,4449
8/4/21,2352.943786,2647
8/5/21,2124.268103,1684
8/6/21,2697.185762,5772
8/7/21,2705.007274,6459
8/8/21,3116.37691,6965
8/9/21,2902.595973,4387
8/10/21,2329.459593,4362
8/11/21,2355.015733,716
8/12/21,2468.615564,6058
8/13/21,2658.275183,2844
8/14/21,2192.759763,806
8/15/21,2583.213115,4435
8/16/21,2230.781595,869
8/17/21,2456.407798,1858
8/18/21,2590.140693,4603
8/19/21,2524.913314,1200
8/20/21,2653.897497,4982
8/21/21,2140.265434,1995
8/22/21,2354.211735,212
8/23/21,2303.044988,2182
8/24/21,2555.745992,575
8/25/21,2909.532367,9806
8/26/21,2856.308186,11225
8/27/21,2585.426697,3602
8/28/21,1974.485255,292
8/29/21,2790.611159,2275
8/30/21,2285.047454,2443
8/31/21,2333.481591,4631
9/1/21,2557.518752,3099
9/2/21,2824.596568,7697
9/3/21,2497.564353,4401
9/4/21,2660.391582,6019
9/5/21,2098.877131,1051
9/6/21,2308.752345,1110
9/7/21,2180.448397,2886
9/8/21,2567.068029,2884
9/9/21,2114.642224,2039
9/10/21,2612.593628,3563
9/11/21,2687.470908,1827
9/12/21,2534.590165,3464
9/13/21,3022.337339,7836
9/14/21,2642.635316,4733
9/15/21,2367.44429,4753
9/16/21,2052.114975,2125
9/17/21,2512.450513,2333
9/18/21,2193.8585,2503
9/19/21,2812.264459,6891
9/20/21,2452.381889,4803
9/21/21,2692.018046,3072
9/22/21,2814.003966,9757
9/23/21,2521.46817,6917
9/24/21,2422.39524,3344
9/25/21,3015.364156,4892
9/26/21,2556.623041,3992
9/27/21,2426.835399,4760
9/28/21,2652.601086,4218
9/29/21,2802.346654,4968
9/30/21,2593.974032,6508
10/1/21,2526.840564,4733
10/2/21,2602.549522,2242
10/3/21,2758.446506,4291
10/4/21,2561.997033,5522
10/5/21,2802.096134,5356
10/6/21,2720.539633,5868
10/7/21,2283.738199,2988
10/8/21,2915.050344,3557
10/9/21,2836.184276,4737
10/10/21,3139.653716,5313
10/11/21,2734.79368,1177
10/12/21,2526.605849,3283
10/13/21,3043.774761,6882
10/14/21,2603.73925,2695
10/15/21,2304.842361,2688
10/16/21,2471.870991,2202
10/17/21,3137.813587,5276
10/18/21,2661.371933,4254
10/19/21,2834.986406,2698
10/20/21,2554.101672,6989
10/21/21,2407.641046,3263
10/22/21,2565.382954,7469
10/23/21,2555.328964,1826
10/24/21,2521.233924,4283
10/25/21,2429.643044,2612
10/26/21,2068.854227,2030
10/27/21,2338.560744,2534
10/28/21,2571.202712,3783
10/29/21,2529.054655,7002
10/30/21,2598.796644,3014
10/31/21,2841.72061,7953
11/1/21,2447.071974,530
11/2/21,2429.10197,4018
11/3/21,2514.51419,5332
11/4/21,2462.248641,3989
11/5/21,2352.120722,3854
11/6/21,2513.54174,2339
11/7/21,3205.775566,5418
11/8/21,2507.558858,4544
11/9/21,2586.281323,6686
11/10/21,2989.387109,4880
11/11/21,2616.736866,6291
11/12/21,2329.690958,2913
11/13/21,2417.196617,2274
11/14/21,2428.748642,657
11/15/21,2498.155427,4622
11/16/21,2207.852968,4822
11/17/21,2490.184156,4486
11/18/21,2420.770742,3387
11/19/21,2271.647957,3326
11/20/21,2091.59268,495
11/21/21,2849.850397,8762
11/22/21,2245.314444,4346
11/23/21,2310.295154,3763
11/24/21,2217.285603,4420
11/25/21,2010.715045,1853
11/26/21,2158.873534,2619
11/27/21,2302.374622,1624
11/28/21,2181.862164,1548
11/29/21,2276.386874,4700
11/30/21,2514.721099,3039
12/1/21,2387.924158,4648
12/2/21,2560.706139,5263
12/3/21,2657.892441,3242
12/4/21,2244.265777,1310
12/5/21,2109.881502,230
12/6/21,2143.396665,2706
12/7/21,2389.024469,3431
12/8/21,2337.667908,2620
12/9/21,2645.878551,4522
12/10/21,2508.992064,4168
12/11/21,2380.927174,3073
12/12/21,2426.674357,2001
12/13/21,2362.319567,4192
12/14/21,2517.999248,5740
12/15/21,2513.972648,9626
12/16/21,2342.854279,4544
12/17/21,2277.095291,5176
12/18/21,2434.675631,891
12/19/21,2852.191456,1017
12/20/21,2117.136335,1652
12/21/21,2581.688815,4384
12/22/21,2288.321212,3870
12/23/21,2323.424191,2961
12/24/21,2331.630276,1443
12/25/21,2155.820644,1017
12/26/21,2011.144225,543
12/27/21,1960.127059,594
12/28/21,1992.467003,697
12/29/21,2006.382269,805
12/30/21,2068.510381,952
12/31/21,2017.545461,405
1/1/22,2203.470995,2550
1/2/22,2306.681663,1007
1/3/22,2730.384378,9816
1/4/22,2325.951792,6179
1/5/22,2561.373833,6926
1/6/22,2690.74255,6237
1/7/22,2563.129095,6065
1/8/22,2463.438022,6490
1/9/22,2515.601193,7351
1/10/22,2814.54615,4365
1/11/22,2495.994319,2674
1/12/22,2634.780914,2595
1/13/22,2598.396223,4387
1/14/22,2765.967685,3707
1/15/22,2112.885536,252
1/16/22,2797.703472,3501
1/17/22,2103.29211,373
1/18/22,2465.900682,2694
1/19/22,2530.63561,2770
1/20/22,2498.577803,4769
1/21/22,2727.088805,3868
1/22/22,2036.517575,1101
1/23/22,1919.107991,465
1/24/22,2445.324497,4615
1/25/22,2542.172756,2399
1/26/22,2321.200783,3067
1/27/22,2329.305922,2783
1/28/22,2806.589941,4621
1/29/22,2419.919064,1050
1/30/22,2259.682468,3222
1/31/22,2093.159408,2313
2/1/22,2104.788868,1848
2/2/22,2176.212692,2767
2/3/22,2082.709137,1947
2/4/22,1879.162656,237
2/5/22,2281.856241,1994
2/6/22,1924.049668,305
2/7/22,2837.9604,5457
2/8/22,2150.900195,2835
2/9/22,2126.248544,3949
2/10/22,2235.092425,6770
2/11/22,2379.929402,7103
2/12/22,2270.540812,4158
2/13/22,2308.663504,2199
2/14/22,2224.511452,3532
2/15/22,2334.437808,2060
2/16/22,2499.90297,6304
2/17/22,2346.24789,4876
2/18/22,2119.178886,5283
2/19/22,2588.944008,11822
2/20/22,29.08739482,